﻿Status,Revision,Reference,Exception,Deadline (absolute),Priority,Robot,Postpone (absolute),Started (absolute),Ended (absolute),Transaction Execution Time,AncestorId,AncestorUniqueKey,Retry No.,Manual AncestorId,Manual AncestorUniqueKey,Manual Retry No.,UniqueKey,Specific Data,Key,Reviewer Name,Exception Reason,Output,Analytics Data,Created (absolute),Progress,Id,Exception Details
In Progress,None,0,,,Normal,eyashb@gmail.com-attended,,2025-09-07 18:03:55.220,,0,,,0,,,0,3f135ba9-e7ee-4a08-abd4-11105cdab055,"{""DynamicProperties"":{}}",3f135ba9-e7ee-4a08-abd4-11105cdab055,,,,,2025-09-07 18:03:38.963,,65976272,
In Progress,None,1,,,Normal,eyashb@gmail.com-attended,,2025-09-08 00:14:12.737,,0,,,0,,,0,c568f3a1-7245-4dfa-a801-b9f4f9772a14,"{""DynamicProperties"":{}}",c568f3a1-7245-4dfa-a801-b9f4f9772a14,,,,,2025-09-07 18:03:39.167,,65976273,
In Progress,None,2,,,Normal,eyashb@gmail.com-attended,,2025-09-08 00:14:13.870,,0,,,0,,,0,57de591d-06e3-45e9-b48a-e4ddf8767e29,"{""DynamicProperties"":{}}",57de591d-06e3-45e9-b48a-e4ddf8767e29,,,,,2025-09-07 18:03:39.363,,65976274,
In Progress,None,3,,,Normal,eyashb@gmail.com-attended,,2025-09-08 00:14:56.017,,0,,,0,,,0,0f4ebc96-c32b-4263-907e-094962a9a854,"{""DynamicProperties"":{}}",0f4ebc96-c32b-4263-907e-094962a9a854,,,,,2025-09-07 18:03:39.603,,65976275,
In Progress,None,4,,,Normal,eyashb@gmail.com-attended,,2025-09-08 00:14:57.553,,0,,,0,,,0,ccb2e138-df7f-466d-9616-1f0c89087cd2,"{""DynamicProperties"":{}}",ccb2e138-df7f-466d-9616-1f0c89087cd2,,,,,2025-09-07 18:03:39.827,,65976276,
In Progress,None,0,,,Normal,eyashb@gmail.com-attended,,2025-09-08 00:14:58.693,,0,,,0,,,0,47fdfb2a-6978-4ff8-ad22-c2e9ed795c18,"{""DynamicProperties"":{}}",47fdfb2a-6978-4ff8-ad22-c2e9ed795c18,,,,,2025-09-07 18:04:17.293,,65976277,
In Progress,None,,,,High,eyashb@gmail.com-attended,,2025-09-08 00:14:11.210,,0,,,0,,,0,8643f8ba-1caa-408f-b73a-ec109923bc56,"{""DynamicProperties"":{}}",8643f8ba-1caa-408f-b73a-ec109923bc56,,,,,2025-09-07 23:19:16.853,,65977814,
